{"mean": [0.3609491315136477, 0.18252183622828774, 0.5226466501240696, 0.80569205955335], "dispersion": [5.221505507699706e-05, 0.004563032128638199, 0.004920778071904887, 0.0012041717979914904]}